No, Mode, Score, Avarage, Player Count, Player Timer, Boom, Shuffle, Extension, First Item
1, Buff, 99, 2.08338, 1, 144.1281, 5, 0, 0, Boom
2, Buff, 110, 4.120424, 1, 150.8331, 1, 2, 2, Boom
3, Buff, 79, 3.691549, 1, 121.333, 4, 1, 1, Shuffle
4, Nerf, 106, 2.068397, 1, 122.8336, 5, 2, 1, Boom
5, Buff, 105, 3.502223, 1, 126.2619, 5, 0, 0, Boom
6, Buff, 101, 3.485472, 2, 258.6221, 3, 1, 1, Boom
7, Buff, 101, 4.597169, 3, 390.7348, 3, 1, 1, Boom
8, Buff, 90, 2.62712, 1, 156.0243, 0, 1, 3, Shuffle
